0,38:10,22:42,9:7,13:22,23:22,43:12,15:4,5:40,19:11,30:24,1:13,9:7,17:7,17:11,16:29,1:12,21:16,0:10
0,8:0,0:3,20:1,13:34,12:14,8:3,4:4,43:18,5:34,24:6,24:42,15:9,1:7,1:3,50:40,23:21,7:18,0:1
0,49:29,27:28,22:4,7:34,28:28,8:1,31:47,41:5,0:27,12:1,27:26,16:33,9:11,17:20,36:27,17:19,3:1,0:9
0,6:1,19:12,21:23,27:29,22:11,5:15,31:31,5:13,42:35,11:18,46:18,9:18,28:4,3:28,19:2,11:39,27:26,0:9
0,3:2,31:31,4:4,37:17,26:13,4:14,25:35,4:12,41:25,10:10,22:39,5:1,39:25,17:30,8:13,39:15,9:6,0:32
0,7:1,44:27,5:9,27:31,1:12,28:9,0:19,30:17,17:19,9:11,5:5,12:7,25:40,6:7,34:5,11:23,14:14,0:19
0,2:2,0:0,36:5,4:1,0:11,1:7,21:12,22:8,9:42,23:9,18:7,5:10,13:10,20:17,7:10,3:9,3:4,0:23
0,0:0,29:17,10:18,10:10,30:7,20:8,10:40,25:16,15:21,13:11,32:31,10:5,1:17,44:13,12:17,1:12,21:32,0:8
0,21:2,7:23,21:15,25:6,10:22,13:15,13:4,1:10,8:22,12:5,10:2,0:4,31:23,2:21,47:7,8:47,40:37,0:4
0,13:5,41:0,1:50,15:6,10:18,13:14,37:3,8:25,20:19,19:26,19:0,6:7,19:27,12:1,3:26,0:7,10:9,0:3
1,40:3,13:42,11:16,18:1,29:21,16:30,33:2,1:9,5:0,2:34,6:7,4:7,8:3,36:1,3:9,9:0,0:11,7:27,4:18,5:8,47:1,2:22,7:25,37:37,36:7,0:23,30:39,13:19,20:20,46:37,0:9
1,20:3,11:16,29:28,11:23,21:22,46:27,16:16,30:37,37:40,35:14,7:28,25:0,15:3,0:26,27:6,3:34,3:1,34:21,9:4,0:15,32:36,6:2,11:10,33:18,10:0,9:48,3:0,16:10,15:15,15:0,0:26
1,49:17,12:4,10:34,12:16,25:5,15:21,20:6,7:24,16:8,5:1,8:29,11:19,22:14,19:29,45:10,9:47,25:10,11:25,19:8,20:25,15:13,12:6,6:10,35:36,32:16,12:30,0:7,20:17,45:10,4:41,0:3
1,33:22,18:18,34:17,8:31,20:8,11:26,48:21,5:13,10:10,26:25,18:8,1:0,13:5,9:6,3:17,15:39,27:1,18:48,48:21,15:4,4:32,17:9,6:22,34:0,5:35,11:12,22:29,10:8,15:15,39:9,0:32
1,15:12,36:5,9:36,26:8,17:34,25:32,41:42,39:21,7:0,0:5,28:20,7:16,18:6,11:27,19:10,25:2,1:32,18:29,10:8,33:26,19:21,16:7,19:0,4:3,7:37,15:13,27:14,7:27,35:33,1:8,0:1
1,9:8,2:0,5:6,15:1,3:1,1:17,10:11,17:12,8:14,12:7,8:6,30:4,13:25,20:28,13:23,26:22,23:9,20:10,3:21,4:6,14:22,12:12,6:2,41:9,1:19,12:18,16:22,24:21,2:13,1:0,0:2
1,45:29,4:11,32:26,14:23,32:17,19:37,25:16,31:32,28:32,4:4,14:12,26:26,16:11,5:4,6:5,18:16,18:25,17:1,5:30,29:0,0:2,13:15,18:32,35:6,2:28,8:4,24:30,18:9,1:1,18:16,0:25
1,14:1,3:10,40:42,14:6,37:41,14:13,24:21,20:9,11:3,16:6,5:26,9:10,11:1,10:4,12:9,7:14,4:8,6:11,9:20,27:37,10:0,16:18,26:3,16:11,1:24,34:19,19:11,3:30,12:19,4:0,0:7
1,20:2,16:12,18:35,29:7,16:32,8:17,44:22,13:13,22:0,0:22,10:33,28:22,21:23,39:39,17:2,5:15,37:18,9:11,8:10,15:22,24:0,7:22,14:11,19:6,2:32,1:8,32:19,6:2,9:29,9:2,0:10
1,38:14,1:1,6:25,42:33,29:39,17:7,4:0,13:11,12:20,21:27,13:5,2:7,13:14,37:24,16:29,24:8,6:15,28:24,15:11,3:5,21:22,17:10,2:28,45:0,1:10,4:36,39:14,6:13,3:16,14:23,0:1
2,0:0,13:1,12:7,20:8,16:42,18:11,22:2,2:3,10:24,10:25,7:4,37:21,0:6,16:11,24:26,5:18,35:17,9:20,29:21,21:28,20:10,27:22,9:34,0:1
2,15:6,0:6,8:3,26:5,13:2,0:36,37:13,8:28,41:26,25:8,9:48,39:39,43:9,9:14,10:20,25:15,13:17,6:2,0:1,3:9,7:15,22:3,3:8,0:29
2,47:47,11:8,28:9,19:33,7:3,30:25,23:17,11:23,12:5,15:17,5:1,22:34,42:20,18:36,21:5,3:2,10:2,3:36,18:11,38:5,4:34,27:33,16:19,0:5
2,10:1,41:45,16:4,21:2,3:31,6:0,2:3,35:46,2:2,47:12,0:13,16:36,2:3,33:20,7:11,8:5,24:6,9:20,10:32,43:20,21:27,27:15,7:4,0:32
2,5:2,9:1,11:9,20:15,5:4,23:31,15:16,4:3,38:15,12:15,5:25,32:40,11:6,28:15,13:29,34:17,0:8,14:25,7:8,43:0,0:5,2:6,10:7,0:39
2,7:4,41:20,15:14,2:22,10:7,24:15,0:16,47:21,4:14,1:6,6:12,22:19,25:0,1:14,9:22,19:4,2:14,4:6,2:9,26:14,19:24,5:7,4:1,0:10
2,25:10,6:17,36:34,14:18,27:26,22:7,1:7,9:13,3:11,9:8,35:21,6:9,1:0,19:14,17:7,14:18,6:4,17:23,21:9,18:21,16:24,16:33,32:4,0:32
2,12:2,10:1,22:39,34:7,21:24,4:8,4:16,16:6,26:41,20:8,0:2,30:40,6:2,11:15,40:21,1:12,0:2,38:22,13:7,8:18,5:14,3:17,37:24,0:13
2,1:0,26:4,0:14,34:30,29:10,0:9,0:1,26:19,7:22,18:1,4:15,22:7,9:4,2:24,20:18,1:14,6:1,23:22,29:38,15:10,35:8,5:0,7:3,0:45
2,11:9,20:2,27:27,24:3,9:30,16:8,22:35,23:3,15:20,12:11,19:24,10:1,4:33,43:25,24:35,1:6,39:46,28:21,27:8,14:8,3:12,7:10,7:17,0:11
3,41:32,37:37,28:11,18:18,8:5,19:29,15:19,21:22,18:29,7:10,5:4,8:8,42:6,9:12,12:29,10:25,8:10,13:7,42:39,33:2,7:45,8:9,45:1,5:46,13:4,0:13
3,12:7,24:14,9:17,15:22,44:40,8:10,10:7,39:8,6:41,26:10,26:37,0:0,22:9,1:14,41:16,6:8,3:22,12:2,8:26,42:21,10:33,33:23,8:15,12:14,31:18,0:14
3,22:22,8:5,32:35,14:0,35:8,6:39,4:4,10:12,34:15,8:20,25:31,23:19,8:11,10:18,7:7,28:27,16:5,24:8,11:37,26:18,2:6,18:12,10:9,11:18,23:20,0:9
3,35:13,15:18,15:12,9:5,10:9,0:0,13:23,32:3,4:44,22:9,14:19,3:14,16:5,27:38,29:6,9:11,9:29,0:3,2:1,39:37,42:28,17:35,27:12,16:1,7:16,0:21
3,34:1,8:2,6:17,17:34,3:9,2:7,41:26,7:0,6:17,7:5,18:4,9:17,3:14,40:36,36:37,39:42,26:20,10:14,34:9,10:40,16:6,10:9,17:27,34:0,7:26,0:21
3,26:7,21:7,11:29,25:7,4:8,0:5,15:19,23:6,4:4,0:22,32:10,0:18,6:1,5:20,28:34,23:16,29:21,6:5,0:13,23:0,21:30,24:39,5:5,1:1,43:2,0:46
3,14:2,8:15,7:10,42:13,11:22,7:5,8:1,14:30,31:4,1:25,8:23,10:9,41:12,12:42,45:25,26:0,0:35,15:20,26:12,5:3,5:23,6:11,15:12,20:9,7:9,0:12
3,1:1,1:1,7:6,47:20,19:46,41:19,7:25,37:33,27:6,11:4,11:36,3:13,38:8,14:43,43:19,17:17,0:26,3:3,21:13,30:15,6:23,20:27,31:23,8:13,18:4,0:17
3,1:0,24:16,11:7,7:10,12:13,41:16,12:0,0:24,0:21,29:5,6:30,35:24,8:4,8:11,16:14,8:0,11:24,14:13,29:36,28:26,33:0,7:23,7:11,19:6,16:41,0:7
3,48:47,26:21,5:0,37:14,3:19,16:29,0:2,14:9,33:12,15:19,12:11,1:9,14:1,15:19,23:50,29:22,33:39,19:12,16:17,38:43,17:16,31:25,39:4,3:8,7:34,0:12
4,35:6,1:25,1:2,4:4,16:0,15:12,18:9,6:7,2:28,30:21,36:22,10:16,27:34,22:24,34:29,18:3,1:14,12:30,9:8,40:9,5:35,0:4
4,21:9,24:10,9:35,20:2,6:21,34:1,5:19,12:7,0:0,18:19,18:22,5:20,38:42,16:3,11:14,16:10,31:5,5:23,15:14,16:3,3:33,0:11
4,41:1,5:31,33:5,5:22,24:15,11:20,22:29,20:30,2:7,36:33,43:26,12:16,11:2,9:12,1:22,34:26,23:15,15:28,2:7,18:20,13:7,0:6
4,45:19,18:26,15:33,17:6,25:13,27:44,43:4,0:15,0:2,16:21,9:11,9:10,1:1,0:6,18:7,8:6,16:28,1:6,4:8,33:4,15:39,0:11
4,33:19,22:24,2:4,10:6,5:12,5:6,4:9,6:6,28:21,10:16,34:29,7:7,24:21,27:20,7:7,28:18,8:23,34:34,14:25,48:42,23:3,0:27
4,50:27,21:44,41:25,11:18,36:32,1:10,40:1,6:1,0:31,28:31,31:4,3:38,11:6,14:23,48:48,14:8,33:29,16:23,28:22,4:12,30:17,0:16
4,43:10,6:38,5:6,29:4,15:0,0:0,7:28,0:0,22:21,10:20,38:26,8:11,8:9,13:0,0:27,33:19,7:12,18:30,9:10,46:37,25:33,0:1
4,13:3,33:1,6:13,15:19,12:13,18:43,37:28,3:7,12:14,21:2,3:25,34:21,3:0,29:4,0:45,42:35,15:16,9:7,30:15,20:42,32:6,0:28
4,36:32,37:12,8:32,42:42,43:12,12:32,14:26,34:31,29:30,17:17,40:31,32:12,4:15,16:35,8:1,8:20,44:34,20:6,10:24,33:12,9:28,0:12
4,45:33,21:1,8:3,13:32,7:20,14:19,42:22,27:16,4:26,30:26,36:26,1:13,33:25,27:10,7:22,28:42,12:3,4:16,35:2,6:13,5:11,0:24
5,7:3,17:13,31:38,3:1,36:36,40:21,16:17,9:23,30:14,21:1,2:30,5:3,12:28,16:1,19:16,27:11,1:21,19:4,15:37,0:5,15:5,15:2,18:39,0:5
5,37:7,19:2,1:26,20:32,26:28,31:34,22:12,26:22,29:2,4:11,2:10,10:7,10:3,8:20,20:29,13:26,22:8,17:29,5:13,43:20,2:26,27:22,42:19,0:28
5,27:24,16:12,30:27,37:7,5:22,6:15,32:5,5:27,26:35,8:1,26:15,8:20,2:11,7:11,2:5,26:5,26:21,20:26,18:22,10:20,23:22,11:16,38:23,0:17
5,3:3,29:5,0:4,7:26,8:6,7:3,13:12,37:19,22:43,0:4,28:2,19:21,19:39,19:2,2:7,5:3,21:14,2:5,22:37,38:12,0:25,2:4,33:15,0:25
5,20:1,22:28,11:1,15:38,1:1,48:23,15:31,23:19,14:24,23:4,9:5,22:5,2:20,19:19,21:20,14:4,11:45,12:6,35:9,4:6,10:31,13:16,33:32,0:9
5,48:35,24:31,29:6,2:11,24:36,10:7,30:15,21:16,17:45,45:43,7:6,26:31,48:18,7:2,11:24,5:23,42:3,4:19,14:18,23:8,5:39,23:14,14:24,0:5
5,7:3,6:3,15:3,11:9,12:18,27:26,9:12,9:1,5:9,10:0,7:0,13:32,16:27,5:4,4:1,22:0,15:25,30:13,10:37,4:4,12:0,7:10,14:2,0:31
5,30:1,21:4,1:31,29:10,7:1,1:20,8:27,46:21,12:23,17:25,30:21,17:34,31:6,12:23,22:30,40:5,8:1,1:25,3:26,20:11,27:9,15:11,11:15,0:29
5,17:10,29:21,8:14,39:36,22:18,26:37,29:17,8:4,27:1,2:14,3:31,39:29,10:18,25:12,14:31,16:16,31:12,4:24,44:11,7:17,1:3,4:0,4:9,0:24
5,47:23,4:20,31:8,0:18,10:5,7:17,42:13,2:22,10:16,8:12,4:11,6:1,22:11,0:7,21:7,8:30,42:38,20:9,3:13,39:15,14:17,15:15,8:17,0:18
6,15:2,1:7,37:25,30:11,10:36,15:17,24:32,2:4,7:4,42:43,0:2
6,22:1,28:5,5:13,4:11,8:25,30:31,39:4,1:22,14:18,21:40,0:2
6,6:1,33:24,29:34,6:4,26:5,2:9,23:36,22:17,33:38,5:7,0:10
6,48:3,3:33,4:1,18:9,17:13,16:27,1:19,41:26,6:9,1:14,0:1
6,10:6,7:0,31:41,45:34,29:20,1:12,2:3,13:4,23:40,29:26,0:4
6,14:6,33:22,7:20,29:7,13:25,14:10,0:2,18:34,10:10,41:22,0:21
6,36:30,8:4,9:6,31:15,7:23,15:8,27:38,2:5,22:3,17:20,0:22
6,15:1,9:19,44:5,0:40,47:46,33:9,6:27,28:7,21:27,17:11,0:28
6,5:2,9:7,15:11,1:1,41:34,23:17,27:7,4:44,1:1,39:13,0:28
6,9:5,44:24,6:3,2:14,35:47,8:11,40:29,36:17,11:25,27:1,0:42
7,35:14,2:23,17:17,18:9,28:20,29:5,2:43,14:5,32:25,7:17,15:4,27:42,20:22,29:0,4:28,19:13,8:5,30:21,23:38,0:8
7,10:8,25:21,21:19,21:24,38:13,10:31,5:5,2:8,17:9,20:1,19:2,0:23,6:6,16:16,2:7,9:8,26:0,1:2,3:44,0:4
7,23:23,31:2,21:17,14:46,5:6,42:11,8:10,8:6,3:1,14:26,13:1,9:30,33:24,29:8,6:48,38:7,16:14,15:4,6:4,0:46
7,16:0,29:44,34:18,18:24,14:0,20:32,29:2,5:23,11:7,14:2,1:18,16:21,6:11,8:16,7:6,13:10,24:25,7:1,1:8,0:5
7,37:5,2:10,13:10,12:14,16:36,40:16,2:1,9:19,21:29,6:6,22:18,19:17,1:14,44:27,2:0,11:30,28:3,9:2,8:24,0:21
7,40:23,28:45,35:6,19:25,0:19,9:1,28:36,35:3,2:24,2:11,12:5,30:25,33:8,3:42,7:0,1:3,35:35,20:3,24:49,0:0
7,8:2,34:3,7:17,23:27,25:15,2:11,24:27,15:18,18:8,15:25,4:18,15:1,23:39,42:12,12:22,3:19,15:18,15:10,13:3,0:18
7,27:9,12:0,3:19,8:5,15:25,19:3,9:9,9:9,26:2,3:15,7:27,2:11,35:25,21:32,10:12,5:6,38:26,15:16,33:1,0:45
7,47:26,4:15,5:2,29:26,18:1,17:13,4:36,10:1,15:26,45:13,11:37,21:7,25:48,13:0,5:14,42:38,42:7,0:9,15:7,0:42
7,4:2,3:4,1:1,5:1,45:36,16:3,6:22,24:2,0:20,7:1,18:0,12:31,8:1,23:36,36:23,22:41,17:20,33:31,13:9,0:9
8,8:4,42:30,32:44,43:20,15:30,31:31,1:7,32:31,42:35,6:11,35:12,6:32,14:4,10:11,20:27,18:21,20:8,6:23,10:3,9:6,2:6,19:16,32:39,21:6,19:1,7:13,0:29
8,10:1,27:30,18:17,26:23,28:38,13:11,43:15,11:2,10:3,2:6,3:10,14:12,9:25,5:19,26:33,5:4,33:16,22:22,22:35,0:3,9:4,40:30,10:10,6:16,19:19,14:13,0:8
8,37:34,30:18,23:17,11:26,4:8,41:4,11:5,1:45,42:0,0:7,5:8,3:8,10:7,17:33,33:12,4:4,14:39,4:9,28:33,11:10,11:10,25:12,0:11,2:7,14:5,40:43,0:6
8,2:0,1:2,13:8,13:18,9:10,13:11,40:42,15:11,45:17,8:5,9:32,22:6,12:3,2:30,10:14,12:12,44:44,42:42,28:1,15:14,9:37,19:23,20:8,14:16,29:10,1:30,0:1
8,33:2,18:33,8:8,16:24,25:23,18:11,21:15,1:23,34:22,18:11,24:11,3:24,24:5,19:6,1:35,34:43,25:2,2:14,29:20,11:6,17:30,1:4,0:8,36:23,24:10,16:6,0:39
8,37:29,24:3,12:11,15:31,31:27,8:13,18:10,19:8,6:16,19:6,9:32,37:6,7:7,1:22,15:37,40:14,23:26,2:25,2:0,10:5,4:2,8:14,39:13,1:7,8:14,0:4,0:13
8,42:27,24:10,14:43,20:18,13:12,7:1,8:9,29:22,28:7,10:24,17:22,28:5,10:25,5:28,42:34,31:23,8:0,9:15,25:0,3:8,0:34,10:6,25:18,28:4,9:26,22:35,0:11
8,7:2,34:13,21:44,0:0,17:5,32:46,25:0,19:34,6:5,15:16,37:10,2:12,15:31,35:13,9:14,20:35,12:25,3:0,24:17,12:0,6:15,31:12,13:34,37:30,9:8,5:7,0:18
8,25:25,43:7,1:9,16:3,4:20,23:25,5:4,9:9,8:28,0:2,31:2,17:14,4:29,22:25,32:1,1:26,6:1,16:25,8:12,45:27,12:10,1:23,35:22,20:35,15:2,27:8,0:32
8,42:6,1:9,19:35,19:26,18:6,18:7,11:32,26:5,18:6,3:43,0:0,8:2,32:9,14:27,0:5,29:27,15:10,8:3,2:1,13:22,33:13,9:39,11:15,8:5,7:11,17:9,0:8
9,8:2,31:37,26:25,26:13,21:24,20:14,3:6,24:34,4:0,13:4,20:26,16:10,16:18,27:28,21:21,4:5,0:13
9,26:5,10:15,13:7,25:23,18:20,7:24,23:8,23:19,10:30,28:16,29:33,7:6,19:8,21:29,8:16,8:15,0:1
9,49:22,3:4,3:15,15:28,0:1,38:17,19:15,2:4,8:6,23:15,7:31,15:20,26:20,4:1,20:13,5:21,0:4
9,16:9,18:8,15:1,9:29,31:22,5:25,3:2,20:14,8:11,4:0,35:30,29:37,27:5,5:7,17:40,18:19,0:1
9,2:1,12:7,11:8,29:22,10:15,4:14,29:30,37:24,9:1,0:16,36:5,13:45,20:5,31:16,5:2,2:30,0:9
9,13:2,25:10,8:20,23:12,11:4,10:32,2:3,0:3,31:17,4:1,25:34,28:12,4:30,13:1,16:8,20:26,0:18
9,10:5,6:5,15:19,7:4,15:15,9:14,36:28,5:11,7:9,35:6,6:34,11:3,4:1,35:35,32:12,10:16,0:26
9,11:9,28:22,33:0,0:15,10:31,24:4,24:32,26:24,18:34,28:14,14:6,24:8,0:28,23:28,26:10,18:22,0:20
9,24:21,25:18,8:8,36:20,10:20,11:0,7:13,5:0,4:8,22:27,15:15,1:10,29:6,18:17,4:9,19:46,0:0
9,5:5,50:23,3:1,10:38,9:8,41:0,0:26,18:35,40:31,40:14,10:6,4:19,0:6,6:19,23:13,20:6,0:29
10,29:25,34:17,21:42,18:14,13:6,14:8,3:7,17:25,42:13,9:9,5:10,8:32,31:7,17:39,40:23,2:24,13:15,15:7,7:12,28:25,22:15,3:9,29:36,40:17,8:5,2:1,3:14,26:4,0:38
10,35:28,28:13,17:7,17:28,28:6,0:10,17:23,10:30,14:1,15:19,22:19,5:18,15:21,21:15,9:0,16:12,5:14,18:4,3:18,26:8,12:8,15:43,8:8,3:3,23:12,15:2,2:28,49:27,0:23
10,33:23,26:11,17:15,1:24,16:9,12:19,2:5,47:4,2:44,0:2,44:19,13:24,15:5,22:38,14:8,1:5,17:14,29:29,10:1,0:22,46:16,18:46,28:24,7:0,35:9,2:39,38:19,2:9,0:14
10,16:13,15:17,25:24,24:10,33:32,0:10,10:16,37:8,11:12,10:1,3:27,19:0,6:13,3:20,22:26,44:3,3:43,13:0,30:42,14:10,36:4,4:1,1:44,25:17,9:17,22:21,42:21,3:4,0:24
10,0:0,26:18,28:4,4:1,11:9,1:2,13:36,26:32,4:2,23:0,17:34,6:4,32:26,4:27,41:17,15:5,3:22,0:12,31:19,33:25,10:13,17:13,3:15,24:22,11:25,7:4,20:0,14:5,0:32
10,10:1,13:14,2:6,38:2,2:12,13:0,1:22,5:10,28:3,2:44,27:14,16:29,41:19,8:27,28:21,22:24,20:18,34:25,22:41,21:14,13:18,28:21,9:7,32:31,37:4,1:13,15:24,15:37,0:2
10,5:4,17:9,33:24,21:28,13:1,20:20,1:18,10:7,9:13,11:13,40:34,5:13,0:1,23:20,20:13,29:32,27:20,25:20,15:22,21:1,0:3,20:37,36:47,3:2,9:9,32:33,49:3,2:6,0:43
10,25:8,28:22,12:4,7:26,11:2,18:20,7:1,7:29,38:18,4:14,21:12,19:21,8:7,5:18,28:3,4:5,2:25,9:4,4:10,32:37,8:3,3:9,35:13,12:26,27:22,30:8,4:21,0:18,0:2
10,12:9,42:41,10:6,15:18,7:11,15:5,20:24,26:4,1:30,30:19,11:5,5:11,0:9,23:7,1:6,10:15,3:6,1:0,22:19,19:16,17:25,24:11,0:8,0:4,7:0,16:19,5:5,17:25,0:1
10,0:0,42:34,28:25,22:2,17:9,8:2,3:23,25:39,37:16,1:26,28:22,29:25,15:13,4:0,9:4,21:0,1:34,12:13,33:27,28:34,9:11,2:8,30:20,20:0,7:0,0:7,3:26,20:15,0:19
11,3:0,4:5,38:0,1:24,8:18,8:7,33:32,13:16,18:13,23:0,12:8,7:7,7:36,20:10,13:5,7:17,21:5,2:0,6:10,19:22,11:17,17:3,0:36
11,21:7,15:23,32:2,8:36,21:3,9:17,23:20,5:18,6:12,36:36,26:17,19:18,30:3,11:1,1:8,2:13,6:27,10:5,30:1,4:10,1:16,6:26,0:3
11,29:7,4:10,7:12,24:27,3:4,33:12,0:4,23:27,13:2,5:13,19:10,13:11,8:29,5:9,33:6,11:18,0:23,6:2,13:17,21:15,9:16,13:1,0:17
11,7:1,41:39,36:10,12:40,5:9,39:20,9:9,14:32,27:22,41:41,21:18,8:19,45:31,0:12,30:14,17:21,34:29,23:40,0:2,8:5,25:5,24:30,0:17
11,46:9,12:48,39:23,9:12,9:1,4:3,5:10,4:16,36:4,9:37,10:8,9:16,21:13,24:34,1:0,33:23,26:19,20:29,27:35,31:35,40:0,2:24,0:18
11,14:14,39:15,9:16,4:21,1:1,20:8,36:24,3:4,26:36,0:13,31:12,31:38,36:11,11:30,29:19,16:13,0:1,4:31,18:5,20:6,1:29,7:0,0:9
11,2:1,36:37,31:3,13:24,24:35,29:30,23:20,41:34,26:17,7:15,25:28,18:23,30:34,42:16,6:8,20:36,12:16,35:41,28:1,10:27,26:6,18:27,0:23
11,41:31,37:16,0:26,26:10,12:25,3:11,49:6,1:37,0:6,29:11,24:4,8:46,26:26,45:16,8:14,1:12,26:6,8:14,1:23,6:8,5:0,19:0,0:27
11,6:1,38:9,12:3,5:37,37:30,29:13,9:17,18:13,13:2,6:21,13:30,38:4,3:46,13:8,23:17,29:39,22:12,11:9,34:9,6:0,0:29,5:16,0:5
11,18:15,31:10,19:31,19:0,3:6,2:23,3:8,39:27,30:11,9:8,15:37,12:23,29:10,19:25,34:30,1:18,43:21,20:24,31:40,13:18,36:34,31:13,0:25
12,42:10,0:2,9:36,22:21,44:45,10:7,31:16,5:11,32:39,36:19,24:30,16:6,17:16,4:27,12:6,10:11,21:12,21:6,0:36
12,22:22,9:4,1:5,49:9,7:43,13:9,38:16,2:19,31:16,5:33,30:8,11:23,26:20,16:23,30:39,30:5,1:25,43:29,0:16
12,26:24,40:3,4:22,9:5,12:17,11:16,13:5,6:24,32:34,30:0,12:6,11:39,33:2,0:1,2:20,16:8,9:33,32:16,0:23
12,27:3,12:7,2:30,25:22,16:10,11:7,16:1,7:22,17:21,13:2,19:2,1:25,11:8,14:8,25:23,24:14,8:37,35:19,0:22
12,12:4,12:9,30:24,22:8,4:23,20:26,25:18,3:5,1:12,42:15,0:2,13:25,37:31,3:6,14:26,20:12,16:10,18:18,0:18
12,3:2,12:6,26:28,28:13,7:1,24:44,26:4,11:16,18:4,3:27,15:8,25:12,5:25,20:10,23:13,0:1,6:24,17:27,0:4
12,34:4,15:0,3:6,8:35,0:15,0:0,50:18,10:4,3:7,6:24,5:16,0:4,40:26,21:26,5:5,38:26,9:21,30:12,0:28
12,0:0,14:9,5:7,37:22,23:14,20:26,9:14,4:10,33:19,1:12,6:14,33:20,12:25,14:18,3:1,28:5,19:19,4:29,0:1
12,38:1,1:33,13:17,25:21,36:36,30:6,17:21,24:22,13:16,3:16,16:14,12:13,24:29,15:5,14:5,0:5,17:17,10:9,0:22
12,12:8,42:39,19:19,26:29,45:13,11:46,8:5,4:6,19:15,6:7,23:16,20:15,25:19,3:11,24:35,30:29,32:27,34:8,0:36
13,11:10,23:5,21:36,46:1,1:47,12:8,23:30,40:2,5:38,8:10,18:11,19:15,14:26,8:4,10:3,15:26,2:1,6:3,0:6
13,26:8,30:41,36:31,24:35,44:3,7:47,15:9,4:3,7:4,29:29,10:4,13:4,20:46,9:4,40:11,2:1,13:49,24:0,0:24
13,50:24,5:13,15:33,5:5,28:27,3:0,18:21,32:26,4:5,36:5,7:9,1:14,17:12,2:12,19:32,34:20,1:15,44:43,0:5
13,4:2,3:5,9:8,48:43,19:2,23:11,7:12,7:7,9:1,12:21,3:7,4:2,20:27,25:9,12:24,4:1,2:28,20:3,0:18
13,19:3,1:15,38:31,4:6,1:0,37:35,1:5,8:13,23:14,27:29,13:6,35:46,24:22,16:14,40:45,17:11,18:27,0:0,0:0
13,25:23,7:9,33:0,16:24,8:10,20:10,17:11,5:37,34:31,22:28,38:31,21:18,17:16,12:14,16:6,22:42,23:5,4:23,0:2
13,44:33,37:18,17:8,1:22,24:10,2:7,23:0,0:39,36:34,31:22,23:9,13:22,14:17,11:7,1:29,43:29,34:31,21:35,0:3
13,27:24,6:3,40:31,16:20,30:35,26:7,24:48,13:13,27:24,3:5,12:2,33:34,35:11,7:20,8:2,13:26,7:3,6:3,0:22
13,30:24,7:12,23:19,0:4,39:30,38:41,38:38,0:6,16:6,9:18,34:19,12:14,19:16,21:4,14:36,3:12,1:0,34:11,0:28
13,19:9,36:13,7:1,5:7,4:4,0:17,13:14,2:11,32:35,21:28,38:20,2:15,10:12,5:2,31:34,16:8,39:50,19:12,0:7
14,31:14,10:8,29:8,4:25,11:10,4:23,22:4,29:24,12:24,23:34,32:30,26:22,16:7,25:18,4:24,20:8,19:16,24:25,12:6,12:26,26:17,0:18
14,35:14,29:24,8:17,27:4,2:27,32:0,1:33,13:21,33:2,6:7,13:16,4:9,20:38,8:3,30:3,1:1,7:44,24:5,13:11,16:3,0:1,0:39
14,19:14,34:26,36:46,13:10,43:49,36:8,14:7,14:39,27:34,20:2,18:31,23:3,7:9,16:42,20:16,32:20,25:33,23:0,9:37,19:16,22:14,0:14
14,21:15,2:6,24:15,32:13,8:30,8:3,8:21,31:9,23:41,41:6,3:9,1:10,17:33,3:3,23:15,25:13,12:22,0:1,24:2,1:0,4:36,0:8
14,32:23,20:7,18:1,11:38,8:3,32:40,22:4,5:15,2:10,1:5,31:31,29:33,5:6,8:5,4:0,1:0,14:3,5:22,12:7,20:23,18:4,0:18
14,8:6,35:23,33:15,1:12,6:12,17:10,6:23,37:31,10:2,22:8,12:36,1:6,42:7,1:23,6:8,35:44,41:39,25:24,4:2,36:31,22:36,0:2
14,4:2,41:32,37:1,1:9,6:22,0:3,3:12,34:34,22:27,43:24,23:27,7:14,33:3,4:40,30:31,37:11,7:23,27:10,1:23,10:3,2:19,0:2
14,5:3,37:32,0:3,7:4,6:1,21:21,13:8,17:16,24:14,10:27,29:8,9:27,0:5,7:8,3:6,13:4,28:15,15:29,26:33,19:1,20:38,0:6
14,5:4,17:17,3:1,20:18,33:5,16:4,0:19,9:22,25:37,11:3,13:5,21:8,0:24,35:9,10:27,7:5,24:37,7:11,30:18,22:25,33:41,0:1
14,1:1,1:1,39:9,6:20,31:37,16:13,1:10,3:3,1:1,23:2,23:41,33:14,16:21,20:40,34:7,5:33,48:26,23:21,25:38,17:9,31:2,0:48
15,50:48,23:12,20:23,10:19,42:20,22:12,0:17,9:9,29:43,27:22,29:17,30:31,28:31,6:6,16:8,16:2,6:0,2:22,23:11,5:33,20:12,26:33,9:5,33:21,26:32,26:3,4:23,20:14,0:28
15,25:11,27:9,15:20,12:15,20:36,41:28,18:1,11:22,18:22,24:40,43:42,31:30,41:0,0:6,0:4,4:28,34:13,9:36,22:24,18:14,35:37,32:14,18:7,8:45,31:13,24:11,3:14,2:8,0:16
15,9:4,36:15,12:37,36:11,12:11,19:29,4:19,13:1,35:28,26:36,26:25,3:13,6:7,39:29,39:44,33:33,23:0,7:31,34:21,11:22,2:7,16:5,33:46,42:4,6:26,15:9,11:18,13:18,0:12
15,46:25,3:0,18:42,39:26,20:30,2:3,24:9,4:0,10:10,16:12,24:5,4:21,9:5,0:4,19:23,26:29,3:21,43:10,15:1,1:40,6:12,28:17,29:36,8:8,5:8,4:4,39:11,0:24,0:9
15,10:2,41:39,20:26,29:19,10:12,36:45,12:8,2:1,19:21,3:4,26:27,22:21,27:18,32:34,36:21,0:10,18:19,0:6,17:3,1:3,0:19,13:7,16:16,7:3,7:15,41:30,21:9,14:20,0:22
15,38:26,22:7,22:46,21:19,11:0,30:21,10:29,13:14,34:21,28:6,7:27,18:25,31:0,0:21,7:10,23:34,37:13,2:24,11:11,3:11,14:15,31:21,17:5,7:5,4:26,10:10,26:8,15:20,0:17
15,9:6,29:1,15:45,35:31,3:2,32:25,9:19,13:11,8:3,33:30,37:29,9:0,6:15,0:11,35:34,11:18,27:18,2:1,0:3,14:13,37:32,16:3,16:3,0:6,1:13,15:9,16:42,3:8,0:0
15,14:10,7:1,28:12,18:25,12:13,4:8,2:7,3:6,1:5,14:10,23:0,5:23,22:11,18:17,26:47,2:0,28:10,24:44,11:6,5:6,28:2,16:25,14:12,17:34,6:9,21:25,12:9,24:8,0:20
15,8:1,37:20,12:17,10:15,6:16,7:4,11:17,20:15,34:15,21:34,15:5,19:13,2:14,0:12,37:40,32:4,19:2,1:42,18:3,19:33,40:33,2:14,18:1,4:14,32:38,48:41,13:15,19:6,0:20
15,45:42,32:9,11:12,14:5,10:6,7:1,5:48,48:34,5:4,0:8,18:5,7:0,12:23,11:27,8:8,34:28,28:15,8:4,8:1,15:45,7:2,9:4,4:0,11:1,14:35,36:4,3:25,11:21,0:4
16,29:5,14:23,18:5,10:7,16:38,39:20,8:14,10:6,22:23,25:18,13:32,1:1,0:3,6:8,5:5,39:32,27:7,14:49,7:6,0:1
16,7:6,14:1,1:9,9:4,11:20,26:28,42:12,20:48,12:0,6:10,5:10,35:11,15:22,10:16,4:1,18:19,29:43,42:39,41:9,0:39
16,35:29,25:13,15:27,1:0,43:43,41:40,17:1,20:31,7:14,33:29,34:42,31:28,33:4,16:14,4:37,19:21,21:19,0:0,16:8,0:11
16,22:7,24:0,1:39,18:1,15:33,17:14,18:13,35:28,9:4,10:3,20:45,43:37,0:0,15:7,23:21,1:4,5:17,12:14,39:19,0:21
16,0:0,16:8,38:2,4:27,10:2,6:28,1:2,21:15,7:1,28:31,34:8,3:28,2:17,49:6,2:16,8:29,13:12,13:13,10:9,0:11
16,32:23,23:16,16:23,22:16,17:12,14:25,26:26,12:15,37:22,5:5,4:22,19:10,10:20,40:19,21:11,0:24,31:23,27:40,5:5,0:4
16,43:13,8:28,28:37,12:2,22:22,17:8,1:9,32:11,1:9,16:40,24:11,18:10,11:4,4:10,9:29,40:33,21:19,5:17,5:1,0:4
16,2:1,49:20,9:6,17:44,1:3,6:2,4:6,34:7,17:29,1:6,17:32,6:4,23:2,24:8,9:14,3:32,24:1,0:3,23:19,0:30
16,48:46,5:7,17:0,29:30,10:8,21:23,12:17,7:0,30:2,2:5,6:49,46:13,0:1,7:4,6:13,2:24,24:30,33:29,37:18,0:23
16,25:4,26:35,6:7,8:12,19:19,39:1,5:21,10:15,10:8,6:11,7:11,13:20,8:16,18:15,23:3,3:8,9:5,22:35,15:18,0:8
17,21:8,5:16,0:2,12:11,29:27,23:0,19:6,4:10,5:21,30:9,4:14,21:7,0:3,10:14,1:20,2:16,7:0,16:19,11:7,20:7,14:21,7:19,17:11,19:17,5:15,29:19,34:14,13:42,41:25,26:14,0:31
17,32:5,11:15,27:25,1:21,33:5,13:23,15:36,35:28,6:4,0:8,25:1,13:5,9:41,22:8,9:2,21:42,32:7,12:0,8:47,0:0,27:10,27:10,7:41,0:1,38:35,36:39,10:1,40:47,23:14,36:42,0:5
17,41:21,3:4,1:10,7:15,39:34,25:4,20:8,0:1,10:11,7:38,19:20,16:15,0:4,17:19,34:14,29:15,2:28,14:23,8:3,39:8,6:0,1:23,8:21,7:0,3:17,18:15,11:7,33:20,19:26,34:45,0:2
17,22:20,35:18,26:21,26:42,37:15,17:43,8:4,3:4,6:2,8:13,13:14,34:26,7:14,33:32,1:8,30:0,6:23,31:41,33:35,38:13,9:13,3:19,5:4,24:8,11:7,15:9,6:20,28:38,28:14,1:15,0:9
17,46:9,11:22,24:40,12:6,22:19,30:21,15:16,12:19,25:28,23:35,17:21,39:0,1:16,25:5,3:5,2:10,8:32,24:33,11:7,3:9,30:30,32:7,8:18,21:21,15:20,24:30,2:6,27:17,21:4,21:12,0:36
17,49:34,34:10,5:0,4:10,6:5,11:40,37:22,18:19,3:10,13:27,37:33,6:0,37:6,4:30,12:15,22:12,12:21,10:21,25:17,25:10,2:20,13:11,28:29,37:46,21:4,29:13,15:40,23:19,16:4,19:41,0:4
17,15:4,14:19,6:10,27:20,9:5,14:16,31:41,40:17,13:30,42:1,1:1,1:17,16:17,2:32,43:34,35:21,1:23,3:1,10:11,30:32,16:7,17:7,0:14,18:21,21:7,6:12,19:18,36:31,26:12,17:37,0:11
17,37:21,14:19,8:17,27:12,19:26,29:1,5:8,6:40,33:8,7:15,25:2,0:39,19:3,28:42,30:12,14:18,2:3,4:8,12:6,24:35,24:14,4:19,41:14,1:19,21:28,15:4,28:5,7:13,1:30,43:4,0:43
17,13:4,41:12,5:31,37:9,8:43,31:30,13:9,2:10,4:4,7:5,15:18,4:2,44:29,11:2,10:21,25:34,14:10,6:12,15:0,29:3,0:8,1:36,36:33,23:8,28:10,8:31,0:11,2:0,14:5,33:49,0:0
17,46:9,1:1,8:45,48:17,13:24,3:16,0:0,28:2,1:25,40:19,6:32,3:4,4:3,45:48,37:25,24:0,1:13,21:37,20:3,4:20,19:20,23:16,0:4,9:1,11:30,8:4,30:23,25:37,19:0,17:15,0:21
18,31:25,1:7,18:7,25:32,30:3,6:25,38:3,3:10,6:26,16:6,0:14,6:9,20:20,6:7,20:28,28:11,26:41,18:5,16:2,7:17,19:10,9:28,25:5,13:36,25:34,23:13,13:9,17:20,35:47,0:0
18,16:3,33:39,34:15,23:11,1:19,27:36,1:7,26:3,10:18,27:9,9:2,5:26,24:2,1:37,27:11,16:28,9:7,34:19,8:18,21:17,24:18,8:33,1:6,28:23,17:3,15:8,3:29,6:5,20:9,0:13
18,42:40,1:0,36:29,22:16,10:16,27:8,8:19,26:11,0:17,8:23,40:23,7:20,40:0,1:26,15:0,13:5,1:37,34:11,0:30,25:1,0:22,43:33,22:17,24:2,0:8,15:6,3:1,4:12,15:10,0:39
18,45:3,6:40,21:2,3:1,7:12,18:37,5:9,32:18,17:32,40:39,15:4,31:35,8:11,4:3,24:3,1:19,6:9,9:4,14:16,15:1,14:21,24:37,40:0,1:38,2:8,29:23,26:5,9:1,5:21,0:19
18,11:2,9:16,17:6,33:0,2:1,1:35,26:36,25:9,12:12,7:6,28:29,22:4,0:31,31:32,2:5,0:0,34:27,24:18,9:22,8:1,37:3,2:35,22:31,40:28,11:15,29:7,13:8,0:8,8:26,0:10
18,33:14,27:46,24:10,32:34,31:8,9:31,12:14,30:18,24:6,0:15,18:44,4:0,16:5,18:16,29:27,25:7,5:39,1:4,28:12,14:24,17:8,32:13,7:26,34:31,8:11,3:7,2:6,16:15,33:2,0:39
18,8:3,29:17,12:22,42:28,14:31,17:10,15:4,23:21,0:22,13:3,10:1,10:26,30:19,3:8,33:21,9:19,19:30,39:4,2:15,20:30,9:7,13:17,25:28,34:33,0:6,27:9,23:28,20:13,21:2,0:43
18,13:1,24:23,8:9,25:25,0:5,31:12,15:12,5:12,10:4,5:30,34:9,11:29,30:17,5:13,3:18,45:36,12:5,6:4,24:32,21:23,40:24,11:23,20:0,0:0,1:6,9:3,2:21,13:5,21:9,0:34
18,22:11,36:14,7:24,22:28,3:3,36:38,5:3,34:7,1:9,3:10,20:9,16:47,24:4,24:45,17:0,8:20,25:7,5:26,28:13,17:3,18:43,22:8,28:19,2:1,12:21,13:1,7:7,13:18,17:41,0:5
18,17:3,26:15,9:19,18:28,18:1,28:26,2:14,13:3,20:33,36:22,5:23,43:9,2:36,4:4,25:7,20:7,0:3,17:16,11:15,0:18,28:13,17:18,3:26,28:10,13:21,29:15,1:15,5:3,18:19,0:14
19,24:19,1:5,13:13,5:3,18:20,26:2,25:18,9:26,4:12,18:4,12:22,24:13,9:28,34:7,12:1,6:40,31:29,6:7,41:34,23:7,0:31
19,38:29,8:11,8:13,40:36,26:0,10:14,19:30,9:21,11:9,37:17,9:6,7:36,44:28,23:22,18:1,11:29,2:18,0:0,14:3,17:19,0:9
19,32:21,37:18,6:36,12:12,33:3,2:1,16:5,2:40,40:11,16:40,17:16,20:21,29:25,22:28,16:5,0:12,38:19,22:44,17:3,33:17,0:33
19,6:0,19:9,33:44,23:25,47:38,14:8,5:9,21:21,26:27,12:10,15:22,13:5,30:0,3:4,2:36,30:19,2:22,14:5,24:34,31:4,0:28
19,38:24,12:8,5:4,2:0,19:21,12:6,4:16,37:38,32:14,14:29,29:43,40:7,7:15,4:23,14:13,31:7,10:1,4:29,34:42,39:16,0:31
19,11:10,11:3,23:20,24:10,8:22,5:9,10:18,36:15,18:5,14:24,15:8,18:17,18:3,2:7,0:19,10:8,4:21,21:4,16:28,26:14,0:25
19,49:6,6:45,24:11,12:10,9:5,14:6,11:7,9:36,34:2,0:25,16:1,4:25,5:7,35:27,25:23,11:12,3:14,30:28,9:5,7:12,0:6
19,24:14,12:12,15:15,28:33,38:39,4:4,8:3,37:37,19:10,7:9,21:37,23:22,3:4,26:24,9:0,10:15,39:25,3:22,26:0,10:26,0:11
19,35:12,9:10,3:3,27:42,8:11,32:18,19:14,6:11,18:10,19:29,33:9,1:41,40:39,49:50,43:6,9:20,7:19,34:12,11:45,19:15,0:6
19,27:6,7:6,20:27,33:44,4:8,13:9,19:5,0:1,23:38,15:9,21:6,13:4,4:6,9:31,11:7,6:9,22:6,12:0,11:0,2:12,0:38
20,29:14,35:49,19:8,13:20,27:27,36:37,46:1,0:1,1:46,2:0,21:8,32:23,13:0,0:30,16:22,4:8,0:0
20,34:9,22:46,30:9,22:34,13:23,4:4,8:8,27:10,15:3,5:28,4:9,26:1,11:13,2:16,17:23,38:6,0:36
20,3:0,2:3,1:0,9:4,26:25,0:4,15:2,27:36,14:6,24:13,5:18,17:23,31:3,10:17,13:12,14:21,0:24
20,20:9,25:21,13:15,27:2,6:41,11:9,12:0,10:7,24:44,23:17,25:16,32:16,9:38,9:6,6:11,40:18,0:22
20,36:27,38:44,10:4,9:0,26:37,36:2,1:14,7:14,5:9,18:12,26:25,5:9,26:43,45:38,31:10,2:19,0:14
20,41:9,7:32,17:6,5:10,25:9,13:37,23:26,23:17,40:14,16:49,48:22,23:15,11:11,6:22,22:41,16:12,0:4
20,25:7,20:9,16:31,15:8,9:18,11:6,26:4,11:44,27:17,22:14,16:24,16:15,17:1,2:32,3:1,13:5,0:13
20,28:7,12:23,2:4,17:16,33:24,11:12,23:25,25:15,22:6,1:18,18:0,6:22,8:27,32:31,41:33,9:15,0:10
20,47:9,12:26,3:22,23:1,18:30,24:11,13:15,9:27,9:10,23:8,1:19,3:0,35:13,13:14,7:19,16:25,0:7
20,2:0,13:11,33:24,29:33,12:13,38:30,19:2,14:46,7:2,17:13,22:29,28:26,18:9,9:8,19:32,22:0,0:24
21,5:2,20:23,12:4,34:41,34:2,6:27,15:21,37:26,29:1,3:13,8:6,11:4,3:4,0:28,1:8,33:27,5:13,15:6,14:22,37:16,17:3,1:13,5:4,1:28,0:4
21,22:3,13:15,19:31,11:12,45:18,16:4,1:3,3:36,32:28,2:2,8:11,40:16,2:21,29:39,30:29,16:7,28:17,22:26,10:17,9:12,29:25,7:22,1:1,5:0,0:5
21,18:3,10:5,25:18,11:35,39:22,19:15,8:31,15:1,10:5,7:22,24:23,0:3,15:11,29:31,4:1,35:31,0:11,5:2,28:24,33:21,16:8,20:28,0:19,13:11,0:3
21,18:8,9:12,2:1,11:5,30:10,8:10,14:32,11:0,21:10,6:34,40:44,17:14,31:29,13:13,41:29,14:14,27:38,15:9,34:5,4:11,12:7,0:9,10:35,34:0,0:43
21,43:20,2:13,25:14,2:14,37:4,1:17,1:27,0:0,23:18,15:13,36:21,19:27,19:5,3:1,15:36,18:2,1:15,12:22,23:19,34:0,4:25,15:1,0:17,26:25,0:18
21,46:38,30:5,4:36,13:11,44:5,1:3,3:36,35:29,1:13,12:8,41:35,13:11,27:21,28:11,3:16,12:32,17:16,39:19,19:34,1:4,29:0,0:16,1:12,23:0,0:31
21,17:1,29:41,9:5,26:15,22:3,7:37,29:13,18:27,6:12,8:3,5:1,19:11,18:6,3:41,43:4,3:42,11:10,38:30,4:6,15:22,15:6,19:14,15:7,2:2,0:22
21,20:16,41:0,1:44,38:29,30:5,3:10,3:0,7:26,21:32,3:5,8:4,45:0,0:42,16:8,12:4,9:16,29:20,16:23,15:6,21:3,2:32,17:31,14:10,39:17,0:27
21,42:30,21:6,6:5,8:31,15:13,30:31,11:15,18:19,14:8,39:33,13:13,20:20,26:12,9:6,6:28,0:2,44:23,23:30,6:11,34:47,26:7,29:47,30:22,1:1,0:11
21,42:9,8:15,23:22,19:17,1:7,14:0,8:1,3:27,6:24,15:11,17:17,26:24,19:9,26:17,21:20,9:17,11:3,1:21,35:32,23:12,11:13,12:21,36:15,15:29,0:18
22,29:25,28:19,5:12,14:17,1:0,36:19,10:30,22:12,9:17,36:34,10:14,19:19,21:2,15:4,3:34,32:14,21:10,7:22,21:8,0:23,0:4
22,38:2,12:0,0:20,16:9,0:3,5:31,39:13,0:15,7:1,17:22,7:2,20:37,6:11,25:5,11:26,12:2,33:26,1:16,41:36,35:42,0:6
22,11:9,1:2,38:31,30:20,4:15,33:5,9:13,8:0,10:48,7:4,25:13,11:21,28:32,34:32,9:11,29:24,33:11,20:31,24:39,37:15,0:25
22,48:28,0:6,24:27,23:10,26:5,1:7,9:7,4:28,7:1,6:6,26:38,9:5,35:34,0:13,3:4,12:3,5:7,11:5,16:16,21:7,0:29
22,31:4,0:9,6:23,12:7,34:9,9:1,11:47,47:42,8:9,15:2,11:8,0:6,3:2,6:1,13:17,12:0,2:5,10:13,6:0,13:28,0:16
22,15:1,0:1,26:13,22:14,6:28,19:3,9:22,23:38,35:27,37:39,29:33,10:4,35:23,9:0,5:26,10:10,11:18,16:10,16:11,33:41,0:4
22,38:10,4:15,29:4,5:19,8:16,1:12,8:11,13:9,36:5,7:48,48:16,16:19,1:3,12:30,34:10,13:20,0:26,23:5,24:29,15:24,0:4
22,33:8,4:8,7:20,24:13,31:39,13:2,14:23,33:42,1:5,4:1,46:8,9:6,2:24,28:43,12:2,2:6,17:24,38:36,1:6,3:4,0:2
22,19:2,3:0,28:25,22:26,14:15,8:1,17:27,1:14,7:0,13:18,38:33,11:3,24:40,44:43,19:12,9:7,13:24,39:2,0:31,0:5,0:1
22,12:4,10:14,16:4,22:7,1:24,25:10,4:11,14:27,2:0,42:2,5:39,11:21,24:13,21:13,10:26,44:10,3:25,18:14,25:30,35:48,0:2
23,28:2,21:29,8:17,0:1,17:19,3:9,24:12,8:14,19:12,1:8,35:13,19:13,6:4,11:13,5:20,12:19,22:27,29:29,36:17,0:0,1:16,11:9,0:13
23,1:1,42:28,16:12,10:13,27:5,8:24,16:12,7:23,39:23,20:40,33:37,42:35,23:18,37:45,32:26,8:18,20:12,20:19,37:25,8:12,0:5,25:25,0:13
23,44:34,25:32,29:20,23:10,12:21,34:8,0:40,2:1,6:3,7:5,17:5,19:35,12:14,45:12,14:2,3:50,2:1,16:3,10:18,32:14,20:44,7:3,0:4
23,42:22,25:20,22:8,7:10,1:13,0:23,33:23,8:6,37:49,15:11,13:15,41:19,9:14,5:1,7:8,19:31,5:9,29:20,8:5,1:4,6:16,38:23,0:21
23,28:3,21:21,15:22,5:17,41:42,0:3,41:33,30:10,5:5,17:24,24:41,2:3,35:38,47:20,1:6,12:36,11:8,28:9,10:26,21:13,25:31,9:13,0:4
23,44:28,28:30,12:11,11:10,11:1,14:33,22:10,5:15,8:11,25:10,7:2,10:3,7:21,0:15,2:6,11:7,43:40,40:0,1:10,12:36,0:5,30:21,0:18
23,7:0,42:33,33:4,0:27,31:5,2:44,42:40,31:4,13:18,24:27,26:17,17:25,19:29,16:23,7:9,18:8,1:2,28:21,17:30,25:30,27:22,32:3,0:37
23,7:7,23:13,35:15,10:8,3:31,25:1,3:7,20:25,9:27,22:6,10:19,12:11,41:1,0:5,6:38,10:6,24:17,0:17,11:14,15:18,1:0,21:5,0:17
23,49:3,3:3,3:17,14:44,47:32,2:19,19:11,24:18,17:9,9:1,11:34,8:9,26:8,2:25,42:3,7:6,1:4,9:32,24:15,10:0,3:11,22:8,0:40
23,35:28,39:35,24:23,8:13,5:4,14:13,8:8,0:3,43:22,5:25,5:12,24:5,10:17,27:29,35:31,33:39,6:4,2:11,20:14,28:5,6:2,13:34,0:13
24,8:1,10:1,4:16,27:29,8:0,22:27,29:22,5:12,17:19,15:17,43:22,2:15,8:5,25:2,0:1,14:33,23:7,16:37,13:0,15:15,4:24,30:21,8:6,10:6,23:4,13:36,34:2,0:46
24,26:1,21:37,15:1,18:16,2:4,25:27,12:0,10:12,15:31,13:12,28:20,20:19,6:7,15:34,24:10,8:5,6:12,15:18,21:32,23:5,27:35,2:0,24:34,1:2,24:13,35:23,4:12,0:18
24,35:16,6:10,11:7,14:2,7:22,20:0,11:14,12:11,3:30,29:14,7:19,10:12,2:8,24:7,1:1,24:43,48:4,6:13,4:9,13:35,3:4,16:12,31:41,10:5,41:12,6:16,8:34,0:1
24,20:3,12:12,28:14,0:25,10:0,19:2,3:28,28:22,5:17,43:7,7:44,4:3,35:26,32:40,19:3,26:10,4:5,0:17,7:3,3:23,43:24,10:1,4:19,25:10,16:25,21:13,12:16,0:24
24,22:10,24:27,2:2,23:23,22:7,25:22,15:31,10:9,29:16,12:10,1:3,5:8,18:33,2:2,32:25,19:4,9:36,36:24,2:13,39:25,6:12,18:9,12:1,17:48,8:3,37:16,15:2,0:39
24,35:34,12:2,13:2,4:22,43:47,35:30,32:27,18:21,0:3,5:6,13:6,2:3,32:6,12:9,6:21,3:25,28:6,20:37,10:1,11:20,42:30,2:15,11:11,19:16,26:9,24:49,47:6,0:41
24,12:11,41:23,4:0,24:47,25:25,2:0,45:29,15:32,7:3,35:37,26:13,27:2,5:41,14:18,5:1,20:18,34:26,22:24,24:11,5:31,34:30,0:4,9:2,15:12,0:1,34:33,39:9,0:40
24,12:2,36:22,5:6,25:1,3:10,1:4,6:5,2:38,38:15,16:19,24:42,13:12,2:3,25:11,0:18,47:35,1:3,28:18,9:4,20:44,30:25,19:8,12:11,0:11,13:16,5:4,18:14,0:9
24,26:19,31:5,13:10,14:49,43:26,7:7,18:13,14:8,15:34,24:30,15:13,26:19,22:11,5:2,13:8,5:7,2:7,17:18,19:24,24:36,6:1,33:1,4:30,31:10,0:10,5:22,36:2,0:46
24,4:3,36:28,19:11,32:38,3:7,23:7,6:4,10:22,29:22,1:20,49:29,17:13,5:19,16:10,25:41,41:32,28:20,3:9,28:33,23:25,20:13,18:29,46:46,37:10,8:11,11:26,2:0,0:12
25,8:0,40:24,3:25,1:2,12:2,26:37,23:23,47:12,5:33,15:16,9:11,15:17,20:21,34:19,7:1,25:32,9:0,2:9,32:5,4:12,7:26,19:32,4:6,5:6,32:12,23:10,2:0,4:16,0:24
25,9:1,13:20,49:44,40:36,13:17,25:16,17:9,20:14,19:22,24:20,6:28,14:7,15:23,0:7,15:1,9:9,7:17,20:11,27:32,29:28,35:28,33:6,7:40,39:11,0:12,22:4,5:33,1:5,0:12
25,26:4,20:15,9:11,12:7,19:4,5:18,5:10,13:6,11:10,3:9,10:0,10:2,2:28,26:15,14:43,40:21,16:13,11:26,4:2,5:3,33:20,21:16,16:2,2:16,15:42,12:0,14:2,11:13,0:27
25,42:14,21:4,3:6,8:26,18:29,18:12,5:19,16:9,30:37,22:8,15:8,14:10,20:37,11:12,4:13,45:43,35:39,35:4,4:12,6:1,4:21,33:40,6:7,25:29,14:12,31:15,32:14,0:32,0:4
25,16:3,10:2,3:12,2:11,5:6,11:3,19:22,14:10,6:5,0:0,2:1,36:7,6:18,6:21,27:41,4:4,20:7,31:4,1:15,7:27,23:3,4:23,31:27,21:25,13:13,5:8,3:7,15:5,0:11
25,23:19,45:10,9:8,10:18,12:33,24:27,2:1,12:5,17:14,25:7,0:2,4:0,6:43,23:20,41:37,12:15,34:23,6:2,12:8,4:8,28:40,5:2,6:11,36:22,8:9,11:23,5:9,43:1,0:46
25,16:5,8:18,29:18,6:12,29:27,31:11,17:35,31:27,18:16,31:47,47:4,1:9,2:16,20:35,34:20,27:26,21:15,12:3,5:22,8:21,37:4,4:14,16:45,43:36,32:18,7:27,4:4,15:8,0:8
25,35:4,19:43,34:15,19:18,11:9,7:7,14:6,5:23,17:16,23:36,40:17,4:26,32:17,25:46,17:17,18:6,6:6,33:12,9:25,7:14,14:13,15:10,28:0,2:46,13:7,19:18,12:5,22:12,0:26
25,4:4,35:10,10:22,10:11,22:6,1:23,23:7,28:16,3:8,17:32,12:24,6:8,27:23,7:2,7:7,19:24,18:0,0:10,10:17,8:3,14:12,6:11,11:9,39:41,23:16,6:18,18:20,20:11,0:9
25,21:20,43:33,14:2,0:23,5:2,46:49,50:0,0:50,39:39,31:26,43:25,11:10,15:21,0:15,1:4,7:1,33:10,10:30,17:24,5:3,37:32,9:13,40:31,12:24,31:24,3:3,22:16,32:24,0:23
26,25:10,2:17,40:10,3:22,30:20,16:26,28:17,16:30,19:23,43:38,8:9,25:3,5:18,15:17,26:17,0:23,17:1,22:12,19:39,38:26,20:31,0:1,13:8,9:6,22:36,40:36,41:7,5:2,0:40,4:5,0:1
26,28:19,38:16,11:23,25:41,24:7,17:3,9:6,7:3,9:13,9:39,37:14,14:11,11:21,0:2,23:1,6:45,9:0,6:3,14:9,26:22,22:4,3:44,35:22,17:16,26:3,3:8,10:41,17:7,23:16,22:39,0:3
26,29:26,36:26,17:26,35:6,12:21,5:28,48:32,0:7,3:13,35:33,17:17,10:6,42:20,16:7,8:25,27:45,0:1,6:1,11:17,13:5,5:0,31:29,1:2,16:16,12:16,14:14,34:31,34:12,8:0,6:16,0:33
26,26:14,34:21,1:24,11:12,44:43,13:1,19:20,0:6,42:26,0:8,3:5,5:6,17:0,1:16,34:27,1:1,5:13,33:43,37:14,6:19,13:15,14:18,39:24,12:15,21:35,45:40,39:19,10:31,9:11,28:30,0:5
26,8:4,15:4,35:42,7:4,20:2,6:25,19:21,35:20,8:28,5:1,28:26,25:34,50:3,2:35,36:40,27:2,5:24,23:16,15:20,9:4,20:38,9:13,26:7,19:11,6:21,32:32,7:5,28:4,6:3,3:31,0:14
26,4:2,15:6,6:0,22:13,4:16,27:26,2:9,7:8,35:21,29:18,5:29,34:17,6:21,11:19,5:7,20:15,3:2,44:10,3:28,2:13,21:25,36:33,28:13,2:16,42:17,16:35,18:6,11:31,11:10,7:5,0:5
26,36:3,7:36,22:1,8:7,6:19,17:11,28:4,5:0,2:18,9:30,24:1,8:40,43:27,23:19,5:18,22:25,29:17,28:29,15:30,19:16,36:39,25:3,26:10,1:10,9:8,7:9,4:10,8:4,6:34,27:10,0:17
26,25:15,25:15,15:16,9:9,14:9,23:23,16:14,23:16,10:1,0:25,5:21,43:0,3:37,29:4,0:10,4:12,7:7,0:11,24:5,4:23,6:0,10:21,0:0,38:0,11:21,3:7,2:0,13:2,11:32,13:28,0:2
26,19:16,36:31,35:38,41:34,3:10,6:11,35:8,20:19,1:20,3:11,17:8,8:13,11:6,25:11,19:19,19:26,6:19,25:14,18:5,3:3,22:39,32:36,27:8,16:2,2:40,30:17,24:32,27:31,44:44,6:6,0:3
26,36:32,3:7,21:21,21:13,13:10,34:34,9:15,37:3,5:32,26:0,8:41,29:21,36:32,4:20,13:9,27:24,35:3,7:34,25:7,19:14,1:33,24:26,6:1,23:22,5:3,39:40,28:5,6:1,7:8,11:26,0:21
27,25:9,5:12,41:1,1:47,41:13,4:10,18:12,19:4,4:46,42:1,5:2,1:28,10:3,2:23,23:13,32:37,29:6,6:24,11:6,6:9,17:19,33:9,2:42,4:1,29:24,1:2,7:3,28:30,19:16,22:20,0:15
27,23:9,34:32,13:25,25:29,6:1,35:23,31:43,24:19,35:34,38:12,13:32,26:30,33:38,1:3,2:5,9:8,27:17,24:3,9:39,2:7,29:28,20:17,29:1,7:13,13:13,17:34,13:6,22:16,26:10,7:25,0:21
27,44:38,24:20,39:0,1:19,19:40,1:11,19:10,29:4,1:11,17:32,36:22,2:17,36:15,0:0,7:3,12:41,4:2,7:12,49:19,10:20,15:19,23:6,0:17,20:24,28:36,9:8,16:11,16:10,4:6,33:41,0:7
27,33:21,6:6,15:1,16:0,8:27,19:30,29:6,4:11,16:10,13:0,0:40,17:22,17:6,6:8,0:2,31:35,13:13,15:0,9:0,21:0,0:40,25:25,23:8,7:27,25:11,30:11,0:25,26:1,9:9,11:28,0:21
27,1:1,1:0,24:16,35:10,3:21,30:43,41:25,4:22,18:19,41:35,28:32,0:1,7:7,41:42,20:4,27:20,25:41,1:8,2:2,30:16,25:39,11:3,23:25,22:12,29:45,6:2,7:5,14:17,8:1,12:6,0:16
27,7:0,25:17,19:23,10:18,19:13,15:3,5:1,11:15,2:9,21:29,5:11,3:1,47:13,9:31,5:12,0:5,26:27,0:0,12:8,29:31,3:6,23:23,33:10,23:43,34:18,15:0,4:9,0:10,10:22,11:6,0:12
27,6:2,27:27,20:14,12:17,45:26,26:35,28:8,1:36,5:4,38:13,23:25,11:13,16:25,17:12,32:19,14:1,6:20,11:15,2:23,2:0,34:41,20:20,6:0,4:5,43:38,15:10,30:1,1:0,2:25,19:27,0:14
27,43:42,48:27,0:14,31:5,16:21,7:17,31:47,30:25,22:19,26:3,3:20,31:4,2:1,5:0,0:42,19:26,12:12,46:18,20:19,10:21,21:5,9:21,14:32,14:3,18:11,23:20,10:14,28:1,0:35,19:28,0:5
27,15:10,26:0,3:11,21:14,8:29,15:16,20:1,21:15,15:25,7:24,15:20,7:5,9:9,27:11,1:18,2:3,14:0,1:2,29:22,6:13,10:21,37:29,38:36,26:37,3:2,27:8,14:16,26:9,13:30,25:17,0:28
27,20:9,3:13,27:27,48:20,17:17,6:15,7:15,21:5,2:22,14:21,32:16,18:34,25:18,10:7,18:0,8:6,15:24,20:3,9:3,1:43,26:5,12:5,17:5,1:36,24:22,37:13,6:19,9:16,20:20,23:31,0:6
28,14:0,3:3,8:9,22:29,31:10,11:0,3:38,44:35,15:7,28:45,4:4,5:8,35:9,7:29,24:12,7:14,29:25,18:0,3:4,17:6,6:23,0:21,33:18,0:18
28,16:8,5:13,0:0,42:4,0:37,22:5,0:14,43:18,18:34,10:2,2:7,8:15,6:6,30:0,4:28,9:11,32:6,2:36,41:3,4:5,8:18,10:12,14:8,0:36
28,3:3,16:1,22:20,13:4,2:13,9:4,5:7,10:20,29:23,14:1,20:13,1:11,14:28,32:42,35:11,13:17,9:0,2:17,8:3,25:4,6:4,1:29,32:32,0:14
28,33:27,37:37,34:13,14:20,23:5,6:30,3:17,1:1,38:39,3:0,40:29,17:29,27:8,2:11,13:4,6:2,4:19,27:22,29:6,2:36,41:17,15:18,1:26,0:0
28,22:3,14:1,0:26,19:4,8:24,27:29,14:4,14:18,10:19,0:0,39:6,9:2,1:37,37:27,7:0,14:19,26:10,13:38,8:13,48:23,3:24,13:6,14:5,0:22
28,2:1,27:23,43:20,2:23,38:40,44:37,36:12,2:9,3:21,4:2,6:19,24:3,21:40,41:16,22:48,49:22,16:27,29:32,30:43,38:21,17:24,35:12,14:21,0:27
28,38:13,12:8,2:10,12:23,20:16,26:33,29:23,8:3,0:9,1:4,34:35,14:18,41:26,3:13,1:4,28:7,8:28,35:11,10:7,6:28,34:38,22:9,22:5,0:35
28,48:40,14:3,19:11,13:33,34:8,6:16,9:24,20:12,20:36,46:19,3:2,14:19,4:14,0:5,7:2,33:41,22:6,6:16,23:8,3:28,28:15,27:31,2:4,0:8
28,31:17,31:23,2:3,26:15,2:1,16:29,24:40,3:5,29:12,27:40,19:18,28:32,2:4,37:32,0:1,12:3,8:4,24:28,26:5,13:38,7:11,5:2,23:31,0:1
28,20:10,16:1,24:24,25:10,7:1,0:42,29:23,32:37,26:0,15:40,29:21,0:5,16:13,38:11,9:1,1:34,6:5,32:42,26:6,3:17,27:34,30:29,39:11,0:33
29,38:30,4:6,27:4,21:49,30:27,28:25,4:3,15:4,26:28,24:6,15:44,26:24,31:20,11:22,1:9,41:11,9:39,8:3,38:13,3:32,19:20,35:10,1:7,23:23,23:6,12:41,28:22,9:11,0:11
29,42:8,9:31,34:35,8:3,17:20,15:15,2:13,43:42,28:30,2:0,31:12,18:27,20:8,13:30,20:10,25:0,6:36,6:11,25:33,44:17,5:11,3:6,29:17,14:35,40:25,23:28,8:20,34:40,0:1
29,35:10,21:20,22:13,13:33,19:34,49:42,16:8,1:0,17:28,11:9,11:18,17:10,15:22,16:1,31:42,7:5,4:1,2:4,33:11,0:29,32:12,15:21,29:39,41:40,10:3,13:24,13:7,14:7,0:14
29,1:0,46:13,1:31,13:4,24:19,23:27,31:11,6:38,1:1,10:12,50:26,23:8,4:29,6:14,39:40,41:20,0:23,12:8,2:1,8:12,3:3,13:2,9:5,10:13,34:34,0:12,44:16,17:47,0:2
29,28:8,30:28,26:6,6:27,9:5,24:7,2:37,38:14,1:0,18:25,16:37,14:1,29:11,2:7,20:4,1:20,9:24,0:1,26:24,29:16,22:44,12:5,1:9,43:27,4:7,28:44,18:3,21:14,0:22
29,31:7,8:11,18:22,33:10,6:36,26:19,9:5,27:3,4:48,49:22,3:5,11:23,17:17,34:33,34:8,1:42,12:5,8:8,16:0,8:28,16:19,14:7,1:2,44:43,26:8,4:11,13:4,2:28,0:1
29,45:26,28:16,14:24,29:9,5:37,2:3,20:13,35:39,26:4,17:39,28:5,1:17,14:21,7:14,36:36,32:0,8:3,8:21,11:8,8:16,21:1,2:5,4:33,21:30,32:30,17:20,18:7,10:6,0:16
29,42:14,12:13,4:10,7:7,4:22,19:3,1:15,44:41,23:13,3:20,3:3,35:23,37:14,0:6,0:17,13:12,29:14,0:12,1:5,5:6,12:4,20:27,31:12,3:3,18:37,3:15,5:1,30:20,0:15
29,25:10,7:8,19:25,16:20,25:25,20:7,29:23,13:21,25:4,9:35,8:16,6:8,37:8,11:4,3:8,10:26,20:19,34:7,0:0,2:38,32:9,8:13,5:15,28:23,13:1,9:26,2:9,14:8,0:14
29,22:13,1:2,40:46,45:17,20:38,15:17,9:6,12:18,35:0,6:22,20:11,11:34,21:33,46:30,31:0,2:26,1:7,6:11,34:37,18:23,28:21,32:22,22:15,18:30,26:25,17:29,14:7,13:2,0:23
